<?xml version="1.0" encoding="utf-8"?>
<RootNode totalframe="1500" framerate="25" framesize="480-480" >
	<VideoTrack>
		<MediaNode name="old-movie" id="old-movie" MediaType="1" totalframe="1500" In="0" Out="1500" >
			<FilterNode name="GRAYSCALE" FilterID="GRAYSCALE" totalframe="1500" In="0" Out="1500" />
			<FilterNode name="BLANK" FilterID="BLANK" totalframe="1500" In="0" Out="1500" />
			<FilterNode name="BLEND_SCREEN" FilterID="BLEND_SCREEN" totalframe="1500" In="0" Out="1500" attachType="VIDEO">
				<attachment file="old-movie-2-480-480.mp4" />
			</FilterNode>
		</MediaNode>
	</VideoTrack>
	<AudioTrack>
		<AudioNode name="TestAudio1" id=""  AudioType="1" totalframe="1500" In="0" Out="1500" >
			<attachment file="old-movie.mp4" />
		</AudioNode>
	</AudioTrack>
	
</RootNode>

