<?xml version="1.0" encoding="utf-8"?>
<RootNode totalframe="1500" framerate="25" framesize="480-480" >
	<VideoTrack>
		<MediaNode name="" id="dream" MediaType="1" totalframe="1500" In="0" Out="1500" >
			<FilterNode name="BLEND_NORMAL" FilterID="BLEND_NORMAL" totalframe="1500" In="0" Out="1500" attachType="VIDEO">
				<attachment file="test.mov" />
			</FilterNode>
		</MediaNode>
	</VideoTrack>
	
	<AudioTrack>
		<AudioNode name="TestAudio1" id=""  AudioType="1" totalframe="1500" In="0" Out="1500" >
			<attachment file="dream.mp4" />
		</AudioNode>
	</AudioTrack>
</RootNode>

